timestamp,temperature,vibration,voltage
2025-01-01 00:00:00,76.52358539877216,0.49540782170491054,3.275878865608552
2025-01-01 01:00:00,69.80208147079952,0.41496438481419234,3.2719040329731786
2025-01-01 02:00:00,78.75625998303629,0.46435412889244615,3.317944231189469
2025-01-01 03:00:00,79.70882958796207,0.5710976124592579,3.307883891176788
2025-01-01 04:00:00,65.25283206473883,0.47909390875943264,3.239507590554745
2025-01-01 05:00:00,68.49911247569841,0.51930813814819,3.362634800252488
2025-01-01 06:00:00,75.65121402784844,0.5665992677858753,3.29463905720461
2025-01-01 07:00:00,73.4328010522961,0.45767037132479066,3.2460206441869177
2025-01-01 08:00:00,74.93201022849456,0.5737777523299291,3.359507195489199
2025-01-01 09:00:00,70.75279838015011,0.5276787726160992,3.3355309801996578
2025-01-01 10:00:00,79.41700989433417,0.3836416266074799,3.23235589050827
2025-01-01 11:00:00,78.91098169916677,0.6503413580269174,3.3849481603137193
2025-01-01 12:00:00,75.35417751183012,0.4489227961579281,3.332585690906479
2025-01-01 13:00:00,80.6622320608662,0.34410384531317345,3.293827962157881
2025-01-01 14:00:00,77.36557473928826,0.3985156940299057,3.3771453655418004
2025-01-01 15:00:00,70.73356771561384,0.3876515348733549,3.312231321475868
2025-01-01 16:00:00,76.87578595244453,0.5072578192806019,3.296720060292354
2025-01-01 17:00:00,70.23962102988904,0.4613831070151138,3.2717453731690114
2025-01-01 18:00:00,79.4282875425724,0.473462293831045,3.3246642344227815
2025-01-01 19:00:00,74.78840848310678,0.5598359290244209,3.3240417398830924
2025-01-01 20:00:00,74.11572822231373,0.5305079080738573,3.3016182787721715
2025-01-01 21:00:00,71.63739432002234,0.5231684912144328,3.2638632879865974
2025-01-01 22:00:00,81.1567507374142,0.5515852627176571,3.3003397419708893
2025-01-01 23:00:00,74.27339863570204,0.5584491795815874,3.297236662076191
2025-01-02 00:00:00,72.90640893723251,0.28330639920668016,3.235419875126057
2025-01-02 01:00:00,73.2893822976089,0.4584238548787311,3.228120000136182
2025-01-02 02:00:00,77.71359797981879,0.28569510502064965,3.325544070960669
2025-01-02 03:00:00,76.88127437587444,0.5056574569414879,3.168024309871541
2025-01-02 04:00:00,77.11971911403599,0.5020650565155969,3.308150807234027
2025-01-02 05:00:00,77.21216307309747,0.6072664691351224,3.273883684039211
2025-01-02 06:00:00,85.76829806441238,0.6385889509108963,3.354644032279583
2025-01-02 07:00:00,73.02998698013899,0.5146263942954742,3.277296602562167
2025-01-02 08:00:00,72.50285041870639,0.44325850860768223,3.335471360293888
2025-01-02 09:00:00,70.99720242482668,0.5387994316141866,3.2841571055132834
2025-01-02 10:00:00,78.14796518094555,0.4517930821394192,3.3025394424933614
2025-01-02 11:00:00,80.71493153367453,0.5095795134329736,3.331126895012328
2025-01-02 12:00:00,74.50233478379769,0.5959072167736316,3.277369879399973
2025-01-02 13:00:00,70.87329168926144,0.43425836428953996,3.3539544525356586
2025-01-02 14:00:00,70.95366999761988,0.5707641194294493,3.254361436147056
2025-01-02 15:00:00,78.33104201720158,0.5726911364135928,3.311398600110717
2025-01-02 16:00:00,78.7963509360973,0.41040243566907186,3.342335635203295
2025-01-02 17:00:00,77.79785342360806,0.6012740351789156,3.3302040211659087
2025-01-02 18:00:00,71.75653554764061,0.5616586211423912,3.39906570828913
2025-01-02 19:00:00,76.24689270141968,0.5109752896500646,3.2605811414330472
2025-01-02 20:00:00,75.67151713379172,0.42339960397477766,3.2303710202987785
2025-01-02 21:00:00,76.18353307373515,0.41473537979987274,3.2490997115015086
2025-01-02 22:00:00,79.44923598183304,0.4534211297833233,3.328572892345589
2025-01-02 23:00:00,76.2120718379675,0.5549725055150905,3.3236840748755014
2025-01-03 00:00:00,78.49066391145557,0.4097077265927308,3.301622169070915
2025-01-03 01:00:00,75.43599344554255,0.5429121272630316,3.2434161540991004
2025-01-03 02:00:00,76.54569709355003,0.3772047568092202,3.3367976675729025
2025-01-03 03:00:00,78.25854323129481,0.48439914352866414,3.235506217886178
2025-01-03 04:00:00,67.81832500482578,0.49489034097701184,3.365129154114019
2025-01-03 05:00:00,73.5077500243196,0.7398174300644903,3.4443641711326736
2025-01-03 06:00:00,72.75624483664413,0.35606983963121097,3.320566312491933
2025-01-03 07:00:00,71.9157208688934,0.6393218138967596,3.3322396859139936
2025-01-03 08:00:00,73.7364008559787,0.5107459586206449,3.276620610699243
2025-01-03 09:00:00,82.5888206702861,0.554583748652128,3.201900513275373
2025-01-03 10:00:00,70.7869605376499,0.5016976279240798,3.274077071310839
2025-01-03 11:00:00,79.95950989107553,0.5526806171116339,3.240395728053987
2025-01-03 12:00:00,66.7057712620411,0.46633194759783986,3.235943999917208
2025-01-03 13:00:00,73.44769697219324,0.6405893276000917,3.387670300127589
2025-01-03 14:00:00,75.93788944964915,0.4545175799867855,3.3127052364516394
2025-01-03 15:00:00,78.05723778292251,0.6176268482937293,3.315927141247777
2025-01-03 16:00:00,78.6842610270924,0.441220725542842,3.2808646207130954
2025-01-03 17:00:00,79.09686630612975,0.5004574634820903,3.2872595795716983
2025-01-03 18:00:00,73.38850677088995,0.3878696738227174,3.3498390273410763
2025-01-03 19:00:00,72.8223751708113,0.5394360378863341,3.3005607688944276
2025-01-03 20:00:00,79.4260155424219,0.6516535422874566,3.3221086813588143
2025-01-03 21:00:00,74.18161651373006,0.4889165305553342,3.291018168594019
2025-01-03 22:00:00,68.76170852345054,0.46612376268646954,3.2891306469399466
2025-01-03 23:00:00,69.47570607212475,0.37577863134741624,3.235178585647782
2025-01-04 00:00:00,70.54688271413609,0.4664534155830008,3.205565664167507
2025-01-04 01:00:00,77.63194986641497,0.3442733892706366,3.284289955080265
2025-01-04 02:00:00,75.86027682850097,0.4087216704950786,3.3019645577711607
2025-01-04 03:00:00,78.602576920489,0.528172673961851,3.232090921244071
2025-01-04 04:00:00,73.01588892046948,0.6262220131250381,3.3002603678277986
2025-01-04 05:00:00,75.94685260953773,0.7811037068519852,3.3017407755399875
2025-01-04 06:00:00,78.28410812599284,0.44619862325485504,3.188915491571038
2025-01-04 07:00:00,73.61142545955697,0.6390417820936174,3.255632341566468
2025-01-04 08:00:00,77.44403634794722,0.5275522362460187,3.317919158338826
2025-01-04 09:00:00,71.85253245682891,0.47686921574897967,3.322500404012958
2025-01-04 10:00:00,73.3488949313388,0.5382461505452524,3.243967359248673
2025-01-04 11:00:00,73.25747669617452,0.5009955172703044,3.309664925828812
2025-01-04 12:00:00,69.18896994022296,0.4977064279516273,3.3569313913278003
2025-01-04 13:00:00,77.60503257409808,0.4626656643754887,3.3362486153754465
2025-01-04 14:00:00,72.82516047115855,0.3541282704723915,3.297410550178144
2025-01-04 15:00:00,75.2366447678126,0.3443996847933765,3.2763645395659724
2025-01-04 16:00:00,77.57990947070572,0.5687732227794935,3.2659528663125688
2025-01-04 17:00:00,77.4108340583279,0.4754405746180439,3.3209801550871547
2025-01-04 18:00:00,78.50710572504411,0.44569423699443106,3.3062480929321
2025-01-04 19:00:00,74.68975475963506,0.4985189877015449,3.3317804455454745
2025-01-04 20:00:00,73.06769262396342,0.5739175260494491,3.3085259980320942
2025-01-04 21:00:00,74.7875951316542,0.5159005000759077,3.3411506023857176
2025-01-04 22:00:00,66.75151601839805,0.4161864538826588,3.3129781106294867
2025-01-04 23:00:00,67.95462782807476,0.606827466731004,3.346279807978509
2025-01-05 00:00:00,68.57869413042019,0.6433648540689629,3.3499624443879115
2025-01-05 01:00:00,70.20796005618679,0.5381605011546183,3.2645657084325723
2025-01-05 02:00:00,77.19506732981338,0.6000454013039953,3.207397730326649
2025-01-05 03:00:00,70.6708029213979,0.6138265210341363,3.3815038398793296
2025-01-05 04:00:00,73.30938743000326,0.6079176220104173,3.3145235491056098
2025-01-05 05:00:00,81.69834369113254,0.5730955206034869,3.207577361534061
2025-01-05 06:00:00,73.42288434889707,0.554969388915242,3.265886140790167
2025-01-05 07:00:00,78.89378404854163,0.558042540941693,3.3346999305699496
2025-01-05 08:00:00,70.54011980815882,0.37963538767157273,3.2904760386351963
2025-01-05 09:00:00,74.18302242087205,0.5667272760376622,3.275213906613171
2025-01-05 10:00:00,70.4621019376593,0.35363172227262263,3.3745819910779886
2025-01-05 11:00:00,73.5190488347114,0.41586706766687676,3.249116593846098
2025-01-05 12:00:00,79.41775690350319,0.6374809360977747,3.255674575208755
2025-01-05 13:00:00,66.58161610225646,0.5654741639838922,3.318987707650157
2025-01-05 14:00:00,77.39233843794952,0.6518134213544448,3.3171304081647444
2025-01-05 15:00:00,76.41090023388362,0.4739432776089975,3.3234062514831524
2025-01-05 16:00:00,72.25347444574025,0.3775709802737632,3.348308427782707
2025-01-05 17:00:00,67.99593695428396,0.4602370697114931,3.316932994079792
2025-01-05 18:00:00,75.58887576679759,0.509669796767612,3.3238803211801224
2025-01-05 19:00:00,72.58276668491122,0.5013533205137828,3.2894567703493345
2025-01-05 20:00:00,76.39561328900575,0.614448189963641,3.30173930187283
2025-01-05 21:00:00,75.34349496185145,0.4628488629333178,3.30503321404083
2025-01-05 22:00:00,83.24513069284082,0.5499826240759336,3.302509776098111
2025-01-05 23:00:00,74.04146010087312,0.39750912076824507,3.339585530278265
2025-01-06 00:00:00,70.12275277713091,0.5335661488686025,3.3326345313201107
2025-01-06 01:00:00,76.13862041702382,0.5008770113625707,3.3010722297279855
2025-01-06 02:00:00,76.34422766410307,0.4259960370097139,3.258199473088845
2025-01-06 03:00:00,82.04218412244843,0.488790347537371,3.296341378780687
2025-01-06 04:00:00,79.42380447782114,0.48871894981407954,3.2941753062773915
2025-01-06 05:00:00,77.03460554599779,0.47534261366824543,3.307624473444662
2025-01-06 06:00:00,82.56876670835005,0.6905605731534279,3.4027574986486697
2025-01-06 07:00:00,69.31043898264,0.47706519324445146,3.279500922090298
2025-01-06 08:00:00,72.05749859250751,0.4680143016772407,3.3240569523637604
2025-01-06 09:00:00,70.62537855123063,0.2797945768514065,3.357797724810984
2025-01-06 10:00:00,73.31121124448143,0.40549060280097454,3.306588884460487
2025-01-06 11:00:00,68.37883152448073,0.45873923611328565,3.423513424434127
2025-01-06 12:00:00,78.44001899833628,0.4365836858889678,3.27765801641509
2025-01-06 13:00:00,74.15515278077241,0.6347699804092839,3.3170493083352297
2025-01-06 14:00:00,67.91423679575499,0.46762361156184756,3.267145475959596
2025-01-06 15:00:00,70.19237486423256,0.6175180901702498,3.287231388378603
2025-01-06 16:00:00,76.83984150952325,0.5081390619340428,3.3106068540103095
2025-01-06 17:00:00,79.46490711374618,0.5109415133796095,3.33785029600164
2025-01-06 18:00:00,85.2599307347352,0.5099291322081798,3.3056948109664432
2025-01-06 19:00:00,89.84759060831493,0.5283637218887353,3.3481081518584217
2025-01-06 20:00:00,77.35232744666027,0.6748730707082659,3.292899407023706
2025-01-06 21:00:00,70.33459168212296,0.25699702619908354,3.2880569818259264
2025-01-06 22:00:00,64.62405288062773,0.277382446827347,3.445575202483341
2025-01-06 23:00:00,76.62484359800547,0.447221519600359,3.318087038874096
2025-01-07 00:00:00,71.22358281173666,0.4921888693271897,3.267802339889336
2025-01-07 01:00:00,73.21350398939185,0.5637263659651444,3.2670733078982046
2025-01-07 02:00:00,72.23180829699325,0.5400612519066935,3.2556341959764397
2025-01-07 03:00:00,74.59033986221236,0.45904500394632713,3.3472381279306265
2025-01-07 04:00:00,80.62619745023451,0.6114456797346047,3.2761549379051034
2025-01-07 05:00:00,76.08354113552501,0.6034755380962825,3.3052845826472987
2025-01-07 06:00:00,74.50712611510687,0.5157089508673298,3.2973174401629795
2025-01-07 07:00:00,70.12403353817325,0.5848027398349901,3.3414505868588735
2025-01-07 08:00:00,66.93088958078252,0.5094152210147374,3.2657319057750165
2025-01-07 09:00:00,72.87476676093965,0.4378901463535504,3.2483466189319095
2025-01-07 10:00:00,75.03939555421671,0.5681493905183934,3.311175469804863
2025-01-07 11:00:00,84.14995987820973,0.5276501475242467,3.320898004356785
2025-01-07 12:00:00,75.96368491967674,0.5003502700247616,3.3156629307352055
2025-01-07 13:00:00,80.22801186942961,0.6560402964677762,3.2542993016757036
2025-01-07 14:00:00,72.81983832362056,0.24884137930319192,3.336054403780949
2025-01-07 15:00:00,69.3935994862332,0.34530769746646883,3.268413354158985
2025-01-07 16:00:00,70.49473650915846,0.37057134589083934,3.278428331251522
2025-01-07 17:00:00,71.69619199964356,0.455355234752366,3.256106131764256
2025-01-07 18:00:00,85.96667298650014,0.49476144450635673,3.354091244446101
2025-01-07 19:00:00,71.21939293020439,0.3399951365930635,3.3354516841211628
2025-01-07 20:00:00,79.52077434701005,0.4088146609728969,3.3257288944369336
2025-01-07 21:00:00,70.8156944398952,0.4038361365373928,3.366544876617227
2025-01-07 22:00:00,79.99019739670355,0.7540117195109557,3.4356422650152325
2025-01-07 23:00:00,77.25908916486364,0.6829812886144013,3.2122796056396283
2025-01-08 00:00:00,74.55314684804588,0.4562202674375863,3.2635280241080986
2025-01-08 01:00:00,75.13452570766117,0.46219963789460194,3.2690567200836127
2025-01-08 02:00:00,72.06640186319339,0.3775013195175168,3.260392617017672
2025-01-08 03:00:00,77.57270334975276,0.3126212808869383,3.2435481342700614
2025-01-08 04:00:00,73.06942694264045,0.48273975075438796,3.2869479198545912
2025-01-08 05:00:00,69.21831752751011,0.3869403522405771,3.2449514967080195
2025-01-08 06:00:00,68.95866047675025,0.477721183297259,3.3227934579001204
2025-01-08 07:00:00,76.21328993896095,0.3406949104835336,3.30137162613247
2025-01-08 08:00:00,83.24780863440454,0.43858708694774273,3.315803624603778
2025-01-08 09:00:00,76.15431242222155,0.5154602498846856,3.324232110159691
2025-01-08 10:00:00,74.76316472580694,0.5344362047399671,3.3303871779455267
2025-01-08 11:00:00,76.78748905637107,0.5436110894969031,3.2795420641024347
2025-01-08 12:00:00,81.89036906889449,0.3800207552320447,3.3991668010627887
2025-01-08 13:00:00,76.45927486918164,0.5866760382618789,3.310262280954923
2025-01-08 14:00:00,73.30972821019567,0.4148872022701658,3.2085660341585647
2025-01-08 15:00:00,80.8978099166658,0.5733703268040217,3.243983402795023
2025-01-08 16:00:00,77.51215056067643,0.502249348969493,3.2104626999879327
2025-01-08 17:00:00,83.04915033035033,0.37674846626286534,3.292817581127215
2025-01-08 18:00:00,76.2885445584819,0.46924623416880445,3.2926211942388512
2025-01-08 19:00:00,69.25202921577187,0.52332934814788,3.282326685889255
2025-01-08 20:00:00,68.53558038014805,0.5466566143177155,3.4070107252398776
2025-01-08 21:00:00,83.63301803953462,0.5014561618445869,3.318816125664311
2025-01-08 22:00:00,83.99870898429687,0.6694642225386586,3.32730620908802
2025-01-08 23:00:00,74.48478631596939,0.5980095652405542,3.253961539286925
2025-01-09 00:00:00,73.46844777870444,0.4695603994273931,3.251574307654745
2025-01-09 01:00:00,82.6936078475974,0.5886883124188487,3.2941466671072503
2025-01-09 02:00:00,69.85315997817095,0.68137458398512,3.31379719700444
2025-01-09 03:00:00,70.91675529561127,0.6861708861794846,3.211267666348666
2025-01-09 04:00:00,78.60902636583762,0.382706980159385,3.2873756224916857
2025-01-09 05:00:00,73.42136878009644,0.40247834195443727,3.302282235363579
2025-01-09 06:00:00,75.37078706279604,0.6475223683089366,3.2888717546486474
2025-01-09 07:00:00,74.58118390577583,0.3916231782377474,3.25974929547689
2025-01-09 08:00:00,77.08827314439507,0.3702113484695817,3.2709349677595476
2025-01-09 09:00:00,82.43981170897098,0.46454912585799674,3.2837172286123892
2025-01-09 10:00:00,75.85732893891313,0.5420262443352443,3.303682672241589
2025-01-09 11:00:00,78.62610037279069,0.4953014455944312,3.3266134787547377
2025-01-09 12:00:00,65.15754790325329,0.4135476492759068,3.36388526234429
2025-01-09 13:00:00,75.16681840075982,0.43120130613902824,3.2851157954228776
2025-01-09 14:00:00,71.19626106094805,0.4194477311905847,3.280995929133284
2025-01-09 15:00:00,69.32034911229627,0.39897865086865775,3.327562434564419
2025-01-09 16:00:00,71.02565458177266,0.718503512401111,3.3345165912387698
2025-01-09 17:00:00,73.74780121491435,0.5255356250583436,3.279542177122141
2025-01-09 18:00:00,79.9999331322005,0.5969646872148343,3.334519740716108
2025-01-09 19:00:00,68.79045883372461,0.4369620863655163,3.355188808224074
2025-01-09 20:00:00,75.57758188739652,0.4808484115661476,3.3640067413955372
2025-01-09 21:00:00,73.00557925975853,0.422944675892441,3.3909104660762326
2025-01-09 22:00:00,73.79006295661863,0.23069820793127652,3.257889130110409
2025-01-09 23:00:00,80.44421955695346,0.37137642693907974,3.295250690909672
2025-01-10 00:00:00,78.12300961745207,0.32347306674682413,3.2974408752134807
2025-01-10 01:00:00,82.12142497164815,0.28755338765809496,3.2879748966017264
2025-01-10 02:00:00,74.66390804018694,0.378080834160523,3.267872945979306
2025-01-10 03:00:00,71.95872538008493,0.6247019342082923,3.228763174458361
2025-01-10 04:00:00,74.32114635603794,0.4924875914515999,3.305312825945412
2025-01-10 05:00:00,76.65492639879855,0.630655144539674,3.2599272906238057
2025-01-10 06:00:00,76.327311236713,0.542041795673473,3.3029723628006677
2025-01-10 07:00:00,70.02450608527961,0.5665938102520346,3.265273316829777
2025-01-10 08:00:00,75.90089735658782,0.4100010106926776,3.244116185351195
2025-01-10 09:00:00,76.59159210114497,0.5538671951315165,3.3101233259177
2025-01-10 10:00:00,88.03982264012205,0.5972399841976381,3.2945062537002023
2025-01-10 11:00:00,84.8386775108628,0.46030154130831574,3.3191254210551837
2025-01-10 12:00:00,71.19023970366236,0.5466234319789007,3.413102948617219
2025-01-10 13:00:00,74.02154165071258,0.5529507746688679,3.3148429349098296
2025-01-10 14:00:00,68.14325045127545,0.42962015429950207,3.3311108379019307
2025-01-10 15:00:00,72.50892739264503,0.38102992706815,3.248613006163988
2025-01-10 16:00:00,77.04248948241617,0.38396106128496454,3.233612138490765
2025-01-10 17:00:00,81.49573457090764,0.5199309388439209,3.3726457377677588
2025-01-10 18:00:00,71.82304927975044,0.5246360009483918,3.2570029617235843
2025-01-10 19:00:00,72.19973827013149,0.41343580900443094,3.2506030581564365
2025-01-10 20:00:00,64.7360273237792,0.4804195042901277,3.308309026615393
2025-01-10 21:00:00,74.66114487174994,0.5546649088673079,3.2958292344593807
2025-01-10 22:00:00,70.16440441717866,0.5504367958108468,3.2597102702606566
2025-01-10 23:00:00,72.83128134164811,0.6491394902055045,3.286920057722697
2025-01-11 00:00:00,71.09617658964254,0.6181793519090489,3.3653726092928626
2025-01-11 01:00:00,75.0111697112197,0.39818211165674444,3.2596891498471905
2025-01-11 02:00:00,66.69584252770133,0.6500392215191644,3.23862053325399
2025-01-11 03:00:00,68.15126025953153,0.431493785573451,3.353978420785458
2025-01-11 04:00:00,86.13472404862998,0.6250456448526621,3.3134801215482717
2025-01-11 05:00:00,69.05337758412033,0.49319433328330897,3.2749206913834463
2025-01-11 06:00:00,70.00856460021929,0.44709110686470127,3.2258830845934345
2025-01-11 07:00:00,84.67906213610107,0.3368773538046683,3.2530897700419708
2025-01-11 08:00:00,90.02183234269853,0.5111761291737217,3.2822429458148377
2025-01-11 09:00:00,69.64066535437178,0.33163192268814207,3.3636429391398193
2025-01-11 10:00:00,73.65925571656035,0.5923373505273574,3.2495116455399566
2025-01-11 11:00:00,77.21028025720506,0.6543887417382943,3.2935637256672208
2025-01-11 12:00:00,84.14799272653248,0.43689380203335537,3.324609240268212
2025-01-11 13:00:00,70.57222111436532,0.5196304319906172,3.185364411879539
2025-01-11 14:00:00,74.28211927879796,0.42431400186675783,3.352407189118147
2025-01-11 15:00:00,79.39719839081923,0.44423483927791896,3.2364802729988584
2025-01-11 16:00:00,77.68634288484562,0.5811110716661878,3.313913431788001
2025-01-11 17:00:00,73.63373415836402,0.4917025576423462,3.3137004233221727
2025-01-11 18:00:00,74.8474016939363,0.6719485230909332,3.3543819178792558
2025-01-11 19:00:00,68.64403947666861,0.4373537465930046,3.333902179568008
2025-01-11 20:00:00,74.3296518006472,0.5968818523587028,3.1818058236128537
2025-01-11 21:00:00,74.19058507247775,0.5064114269506932,3.2615704525697224
2025-01-11 22:00:00,76.6853739726558,0.5812374644296944,3.305224882495008
2025-01-11 23:00:00,72.74989043243144,0.44907293064182763,3.292501115261579
2025-01-12 00:00:00,77.88622114125423,0.49910547403730965,3.320994315346584
2025-01-12 01:00:00,80.59410961962966,0.4979272468193253,3.333874218163855
2025-01-12 02:00:00,76.30967917087486,0.4173025623671304,3.329112907650609
2025-01-12 03:00:00,77.29331657653054,0.5690837021211959,3.286992936295746
2025-01-12 04:00:00,75.80231327442587,0.5649184426166476,3.20688083616955
2025-01-12 05:00:00,75.5389605039956,0.5587223060085074,3.2766869770532634
2025-01-12 06:00:00,71.9327503728263,0.6458509816473765,3.3238856570341215
2025-01-12 07:00:00,77.12501385090908,0.6474734233354079,3.2433526235215666
2025-01-12 08:00:00,75.0581115524771,0.4609106696300001,3.3315056249536017
2025-01-12 09:00:00,86.01238809119953,0.5576189235357764,3.3344072767721653
2025-01-12 10:00:00,83.41532306092476,0.45275949270598775,3.297928025753867
2025-01-12 11:00:00,77.47978331333306,0.505584013748081,3.144331223371047
2025-01-12 12:00:00,71.73726650407872,0.4317885036062304,3.239358315360331
2025-01-12 13:00:00,69.99249719463747,0.6502809408128395,3.3993169607331666
2025-01-12 14:00:00,81.51227132200088,0.5476832731882575,3.2661608390265804
2025-01-12 15:00:00,76.87230468429425,0.48023061206810574,3.1989205341592557
2025-01-12 16:00:00,77.96127757751862,0.6235733278506345,3.3588010918379947
2025-01-12 17:00:00,66.8396326276916,0.2649066397858015,3.308828146949492
2025-01-12 18:00:00,80.20175697235547,0.30728216996814145,3.3500452674755308
2025-01-12 19:00:00,77.83866825763837,0.5835501175472135,3.31100926550333
2025-01-12 20:00:00,70.01641514649617,0.4943685906146886,3.3279115416641125
2025-01-12 21:00:00,73.21294653332082,0.5197594386026771,3.319937515852405
2025-01-12 22:00:00,76.89115859435516,0.36943162236681487,3.3329832570016946
2025-01-12 23:00:00,75.83690856635579,0.49763936155763444,3.413034613861449
2025-01-13 00:00:00,74.1157206475588,0.6968712978452113,3.3494345961504006
2025-01-13 01:00:00,75.06113723824876,0.5808311519660433,3.2209218968694744
2025-01-13 02:00:00,74.32069368954616,0.5139009574033331,3.3230123820743986
2025-01-13 03:00:00,76.34539514309493,0.4570743147856555,3.355728643262066
2025-01-13 04:00:00,82.94204444955038,0.47471571922212086,3.3521929958772567
2025-01-13 05:00:00,62.7532943819301,0.26087571535381787,3.2909164564651148
2025-01-13 06:00:00,74.40433726604017,0.5228616321341558,3.3588428849933663
2025-01-13 07:00:00,76.47315269745283,0.5857835317530505,3.344913967280107
2025-01-13 08:00:00,77.07256254102809,0.3448721078749541,3.4265533093074585
2025-01-13 09:00:00,73.73502168798815,0.42961726965525415,3.263764891499586
2025-01-13 10:00:00,66.81298768420369,0.3661684276550246,3.282816983495775
2025-01-13 11:00:00,77.23857601716915,0.4062309480634214,3.282455471559833
2025-01-13 12:00:00,84.23735167142152,0.5221117815349926,3.2662515408266395
2025-01-13 13:00:00,67.93329557802191,0.2757152911671558,3.262565666933798
2025-01-13 14:00:00,79.92374467309554,0.5695634486918569,3.156942480043217
2025-01-13 15:00:00,73.96398049099213,0.5716023834853119,3.279301045822851
2025-01-13 16:00:00,75.30198687946437,0.4737826304651969,3.3181659161055306
2025-01-13 17:00:00,70.34611805709086,0.24091030062568702,3.2799927896676135
2025-01-13 18:00:00,73.94033175083322,0.39652771641138695,3.397828727425622
2025-01-13 19:00:00,82.1148375881094,0.6358087840964479,3.293553953047683
2025-01-13 20:00:00,78.52989282655514,0.22754927309021247,3.3610215599326514
2025-01-13 21:00:00,84.28017664566833,0.48209692758194417,3.30379084399083
2025-01-13 22:00:00,81.50768006550909,0.39330419779425174,3.3348126854291533
2025-01-13 23:00:00,77.81805601727051,0.5843820577029841,3.3111440216794077
2025-01-14 00:00:00,84.34429725546359,0.44946611480654053,3.3590949343397147
2025-01-14 01:00:00,77.82159242031813,0.5443275024241568,3.299975375086302
2025-01-14 02:00:00,79.76856951261392,0.5643720964520965,3.3200374658918252
2025-01-14 03:00:00,74.14777586295709,0.6802070512088757,3.319168870819545
2025-01-14 04:00:00,75.96536171192867,0.4799254445662797,3.284620365381705
2025-01-14 05:00:00,72.14751551813325,0.5301883835084871,3.3231016004281004
2025-01-14 06:00:00,80.5845563096109,0.36095248021643767,3.406134756000273
2025-01-14 07:00:00,69.74712052306431,0.6068245128854625,3.2917330323721634
2025-01-14 08:00:00,79.55239235272894,0.4313428154082809,3.316420852289933
2025-01-14 09:00:00,74.68938735511685,0.4415922738114186,3.363199560188355
2025-01-14 10:00:00,81.50088011198125,0.5090658962490009,3.3505117839352323
2025-01-14 11:00:00,79.40099159030294,0.3508024641565804,3.2961848292956653
2025-01-14 12:00:00,84.75187943688266,0.5406696772766186,3.171078685415249
2025-01-14 13:00:00,79.30452410634388,0.6036445910151482,3.321530616826079
2025-01-14 14:00:00,67.79245137438645,0.5131672006084614,3.1962338356944606
2025-01-14 15:00:00,75.31988879016365,0.34003893667241425,3.373176972756898
2025-01-14 16:00:00,69.79662069368257,0.47550122746435863,3.31367707286598
2025-01-14 17:00:00,73.06725944682728,0.568626324701563,3.3519164415467717
2025-01-14 18:00:00,83.21680282704428,0.3269236445674572,3.246677640263903
2025-01-14 19:00:00,78.85033171715115,0.3985129775624904,3.218524294617846
2025-01-14 20:00:00,72.17001252177094,0.5802833009616534,3.3158677066852875
2025-01-14 21:00:00,70.59807983446467,0.5164946185986174,3.3027217481677282
2025-01-14 22:00:00,75.83257913304998,0.5411512319887347,3.2745903795590916
2025-01-14 23:00:00,69.58786992376504,0.6734141361198207,3.309645194112873
2025-01-15 00:00:00,72.31697128568977,0.5397781359319592,3.4410548233159233
2025-01-15 01:00:00,77.2347220324309,0.5685471606181393,3.339491555336022
2025-01-15 02:00:00,81.45323685721016,0.7822699419462125,3.3460216934359552
2025-01-15 03:00:00,78.72248603980088,0.48435343178051216,3.3384743585378667
2025-01-15 04:00:00,64.22423313769018,0.3969491054234903,3.384748874054919
2025-01-15 05:00:00,77.20451632783399,0.5454775879903406,3.2882919000271285
2025-01-15 06:00:00,76.04485255084758,0.5442777235505442,3.1962170820653877
2025-01-15 07:00:00,77.75613811355015,0.4511296525424389,3.287814555236149
2025-01-15 08:00:00,83.76973709694472,0.41258868774836416,3.33181704840288
2025-01-15 09:00:00,65.37449930666698,0.7100223563323013,3.2611354809375794
2025-01-15 10:00:00,72.73717556673716,0.526447613682236,3.293444526908796
2025-01-15 11:00:00,78.64922630866147,0.4323588299870748,3.261762286541223
2025-01-15 12:00:00,67.78872469942698,0.5754593951367732,3.3823127378927293
2025-01-15 13:00:00,83.07844393896623,0.5035312882317584,3.3293944068313617
2025-01-15 14:00:00,77.542483764204,0.4780857384065843,3.330034547267994
2025-01-15 15:00:00,79.93562263191973,0.5643874479652482,3.3261444430241283
2025-01-15 16:00:00,72.84998639709573,0.36480066148098195,3.300287550975298
2025-01-15 17:00:00,79.77552515653777,0.5431026862147523,3.305102288969837
2025-01-15 18:00:00,81.0510664886539,0.7016865292604425,3.23468970448473
2025-01-15 19:00:00,76.87510081139655,0.5486568833524836,3.1888028002510747
2025-01-15 20:00:00,76.8847171762062,0.46443713948402543,3.305619339341045
2025-01-15 21:00:00,77.06643091112335,0.45171124928938194,3.314133081902484
2025-01-15 22:00:00,71.3999903930198,0.4500548989614881,3.364063238028249
2025-01-15 23:00:00,74.98107531751695,0.47285479834021527,3.3785857154866012
2025-01-16 00:00:00,74.95810805845893,0.4604244783510501,3.3785418161914884
2025-01-16 01:00:00,77.6396920444902,0.5951994437063965,3.247459128290816
2025-01-16 02:00:00,80.72384595927619,0.33641569710761354,3.276662902293235
2025-01-16 03:00:00,70.43404631683468,0.5753570131848422,3.328582668477234
2025-01-16 04:00:00,75.10368357713084,0.460527630149965,3.426491550309978
2025-01-16 05:00:00,83.13800846902559,0.5522597110175478,3.36586695171667
2025-01-16 06:00:00,72.01479158866991,0.37961970766721287,3.358955066511249
2025-01-16 07:00:00,71.62348464828312,0.6243989914914693,3.283987117574252
2025-01-16 08:00:00,76.7482676958927,0.6263489469189322,3.254091750746351
2025-01-16 09:00:00,79.96066469116533,0.6041692974672975,3.3344847294779965
2025-01-16 10:00:00,75.79787101854404,0.3484091799676936,3.244169065769738
2025-01-16 11:00:00,82.3875456949277,0.59597611400642,3.280690636756057
2025-01-16 12:00:00,80.02871465757738,0.5488318535886851,3.2892323878923264
2025-01-16 13:00:00,79.95584708119706,0.34767348495909683,3.3746897573749433
2025-01-16 14:00:00,78.51933125536922,0.5028978396436163,3.278745803596647
2025-01-16 15:00:00,87.38901625248118,0.5595203969182481,3.165648501818888
2025-01-16 16:00:00,74.72694430842253,0.5533503315091196,3.3254952880747006
2025-01-16 17:00:00,65.73714329442218,0.49748933879368934,3.274311764050381
2025-01-16 18:00:00,83.77802856434246,0.5449681143233823,3.2933535226575446
2025-01-16 19:00:00,73.47026160397463,0.6425905779432183,3.297194503353919
2025-01-16 20:00:00,76.30016298247592,0.6234926324659793,3.2850146372266353
2025-01-16 21:00:00,82.3105161870654,0.2262044525058159,3.3322065129021694
2025-01-16 22:00:00,67.75346705947014,0.45205199414513153,3.2306032890228944
2025-01-16 23:00:00,69.50853069623606,0.4708408741480365,3.2796407580560456
2025-01-17 00:00:00,67.7623790831745,0.30860381640361134,3.3414395165726942
2025-01-17 01:00:00,71.80008932064365,0.5013073999744779,3.2724956719121376
2025-01-17 02:00:00,77.97095580285773,0.6291066043567256,3.2165887087336436
2025-01-17 03:00:00,78.39571398883862,0.39642355752857766,3.330032053173998
2025-01-17 04:00:00,77.15814767341953,0.5362453047257858,3.3539965838486574
2025-01-17 05:00:00,68.71494935931695,0.39413646649894957,3.304035290258532
2025-01-17 06:00:00,64.23026359761757,0.40955824033722693,3.2127274564789055
2025-01-17 07:00:00,76.0545507097347,0.6481373803464324,3.334243936625206
2025-01-17 08:00:00,73.42590461659312,0.4408849427319632,3.218579701312422
2025-01-17 09:00:00,78.08371564536985,0.5506775957017617,3.3123562481970383
2025-01-17 10:00:00,79.29855691989515,0.31976421774365105,3.2513282518429967
2025-01-17 11:00:00,76.48199795108421,0.687484667551616,3.2405260377605676
2025-01-17 12:00:00,79.59345821967206,0.5677410765799534,3.273311040926343
2025-01-17 13:00:00,76.94085166537013,0.4839206345756736,3.288894270513267
2025-01-17 14:00:00,78.44712032480413,0.5627378071595572,3.264342467155873
2025-01-17 15:00:00,72.27543248444938,0.3518578375840772,3.3321597314263083
2025-01-17 16:00:00,74.90274373164351,0.6163474771485122,3.2777937873454146
2025-01-17 17:00:00,76.7866832860876,0.4694638045324916,3.347222860297503
2025-01-17 18:00:00,79.9074471818919,0.4876968583688998,3.309151211100282
2025-01-17 19:00:00,73.83810094568395,0.44679955590477893,3.2662840387245007
2025-01-17 20:00:00,78.41464508746937,0.44705306541033973,3.253288360720916
2025-01-17 21:00:00,74.48161685123391,0.5667192103752681,3.218143568196394
2025-01-17 22:00:00,75.22510197617216,0.524329804472726,3.314311556917169
2025-01-17 23:00:00,79.96241002493518,0.5733885497001339,3.2773082126124966
2025-01-18 00:00:00,65.85151496154603,0.47911247648449434,3.190538708635278
2025-01-18 01:00:00,69.336457178445,0.5382818109745675,3.2788777991830846
2025-01-18 02:00:00,68.40989383360673,0.4432238287846691,3.2615384047036455
2025-01-18 03:00:00,64.15474222358131,0.699571584098077,3.3896291373849516
2025-01-18 04:00:00,72.43350262404894,0.33636287911500745,3.2174275667812853
2025-01-18 05:00:00,79.57399632546553,0.6335306405171889,3.223358463687832
2025-01-18 06:00:00,74.40440849691596,0.6338884775758885,3.356094073658369
2025-01-18 07:00:00,76.8197812405401,0.41671259739448024,3.366018376632658
2025-01-18 08:00:00,81.2789203163868,0.7337741171983304,3.2564719327473313
2025-01-18 09:00:00,82.4732654961733,0.6127844747968378,3.260922443363381
2025-01-18 10:00:00,75.49114716320614,0.5963851105186629,3.330320622664459
2025-01-18 11:00:00,82.60676828668582,0.5163046707859188,3.1760382418660487
2025-01-18 12:00:00,76.30147413301138,0.4791692479541146,3.2056388416417105
2025-01-18 13:00:00,71.65585172370554,0.4706597362534097,3.289307478233759
2025-01-18 14:00:00,72.87284308385117,0.5330876613096135,3.3796216852226046
2025-01-18 15:00:00,68.44416428402177,0.6252958715813927,3.284769331307641
2025-01-18 16:00:00,71.40817958018059,0.5092366964564625,3.3086386600065767
2025-01-18 17:00:00,74.0607674104787,0.40526608801718783,3.3576286962177218
2025-01-18 18:00:00,79.87077794974586,0.5904731776479492,3.400473458714161
2025-01-18 19:00:00,84.45870401068477,0.6093213981708082,3.261698872331899
2025-01-18 20:00:00,68.94594927997166,0.5516467669146814,3.305212214533357
2025-01-18 21:00:00,77.82299620015844,0.5784847985627746,3.3882797648669833
2025-01-18 22:00:00,70.65814116507319,0.462512384824325,3.2282318950753552
2025-01-18 23:00:00,78.23634830517888,0.4118626954072593,3.348142705222512
2025-01-19 00:00:00,75.20943161142624,0.41188843566873395,3.2488747917705108
2025-01-19 01:00:00,66.71233773762921,0.3181672661394321,3.3134112806175287
2025-01-19 02:00:00,80.5103538267113,0.533004484317977,3.282358693803275
2025-01-19 03:00:00,72.84586730682722,0.4856357718009545,3.254253552658111
2025-01-19 04:00:00,73.20337168100511,0.45069688841899874,3.2526415319360806
2025-01-19 05:00:00,70.52611281842643,0.19377925871230528,3.3182946053942612
2025-01-19 06:00:00,72.6054604934391,0.36876808952742074,3.352171505914695
2025-01-19 07:00:00,78.01833108235347,0.616409642814983,3.2904948587582212
2025-01-19 08:00:00,74.93465917619885,0.43169563385604404,3.3035709987604616
2025-01-19 09:00:00,77.52619289429529,0.5394004690642342,3.326032510420257
2025-01-19 10:00:00,77.6944941545291,0.36460936082149203,3.2487245671948224
2025-01-19 11:00:00,82.49019516452772,0.657139854074938,3.3294944302561182
2025-01-19 12:00:00,74.17495813456699,0.4822360657736258,3.3417921967184205
2025-01-19 13:00:00,68.50660180666223,0.5143061587716374,3.436674713130858
2025-01-19 14:00:00,81.2290049757528,0.7433249046496335,3.274965785496268
2025-01-19 15:00:00,74.23745403440861,0.648407833637717,3.2778584558821846
2025-01-19 16:00:00,81.46985911978378,0.4805720716208212,3.3319784344589034
2025-01-19 17:00:00,77.81578446481124,0.444598465952546,3.3381394239807953
2025-01-19 18:00:00,75.24521324988419,0.46622484085777466,3.2730004290812804
2025-01-19 19:00:00,77.64678237313439,0.5545723051038818,3.2771950837803634
2025-01-19 20:00:00,85.6599677055364,0.5090864374959451,3.316396574205365
2025-01-19 21:00:00,86.29180955217568,0.48134812011396366,3.2473289784110912
2025-01-19 22:00:00,76.2558145845728,0.6475186697500093,3.278217486014676
2025-01-19 23:00:00,76.71186387749628,0.49029165408716835,3.302767774490925
2025-01-20 00:00:00,81.29411370024485,0.7408360522141811,3.343502820540868
2025-01-20 01:00:00,71.68660975107818,0.5007363913873332,3.273083459439945
2025-01-20 02:00:00,77.58226878000819,0.6819852924924485,3.205298508118458
2025-01-20 03:00:00,75.78960467914963,0.5356000671393214,3.20338052194494
2025-01-20 04:00:00,77.49046197820869,0.5995658967913217,3.234538884686484
2025-01-20 05:00:00,71.7560788931759,0.4193399681445388,3.237585535196827
2025-01-20 06:00:00,67.97708745838008,0.3988671681679784,3.2992923746106246
2025-01-20 07:00:00,65.56200974697046,0.5253835305053991,3.249993982573149
2025-01-20 08:00:00,70.34200836398088,0.5878282564844528,3.2695202436449584
2025-01-20 09:00:00,73.63755450623427,0.4995896747224743,3.262658151244663
2025-01-20 10:00:00,74.46697499968911,0.368583532000968,3.278507631957911
2025-01-20 11:00:00,85.62109074708252,0.3835052603751918,3.355504125829073
2025-01-20 12:00:00,81.46690378647342,0.36850908286428213,3.3266304756850524
2025-01-20 13:00:00,71.12848335723079,0.3137836709304829,3.3046779874065693
2025-01-20 14:00:00,77.67948320319573,0.5145964178610597,3.274269202767762
2025-01-20 15:00:00,73.90755176119133,0.6086084112031447,3.2794308154076575
2025-01-20 16:00:00,74.52312575474447,0.49599358832696755,3.316864197742853
2025-01-20 17:00:00,76.87357519402386,0.2759945901642219,3.3273348784735908
2025-01-20 18:00:00,79.04480453382592,0.4873024785441564,3.250574320161144
2025-01-20 19:00:00,74.25465853153088,0.4805183329097605,3.3025693792491806
2025-01-20 20:00:00,81.27221061662475,0.7204332117657529,3.192146810950224
2025-01-20 21:00:00,70.24526382424294,0.3430656518664897,3.3153404253842864
2025-01-20 22:00:00,75.9886522687683,0.46119845978757645,3.3371188098291658
2025-01-20 23:00:00,88.94732759193812,0.6967688387482921,3.272049241064018
2025-01-21 00:00:00,77.07635967408734,0.547439468992789,3.388749990132918
2025-01-21 01:00:00,83.12903549599383,0.5708782938535896,3.2478090421322032
2025-01-21 02:00:00,76.42256585583101,0.5125924909240093,3.309449454909332
2025-01-21 03:00:00,78.87085244361595,0.5390249742629178,3.2943379102230863
2025-01-21 04:00:00,75.68505299700551,0.577419974531824,3.2943000636308235
2025-01-21 05:00:00,75.11893306514995,0.4175781497509827,3.2941649585346124
2025-01-21 06:00:00,72.07556098934587,0.5802458953794711,3.3082796905111276
2025-01-21 07:00:00,78.12648176976273,0.367241577360931,3.339271455403422
2025-01-21 08:00:00,71.71929103104813,0.5245642948552095,3.3721675207826887
2025-01-21 09:00:00,79.30690516054612,0.5247768221596844,3.295580582614246
2025-01-21 10:00:00,81.40741600321054,0.44947443869716974,3.3343583876053713
2025-01-21 11:00:00,77.81564001916914,0.501651668015733,3.2620960126674916
2025-01-21 12:00:00,74.55374131720653,0.4351423828778172,3.3387440313191052
2025-01-21 13:00:00,78.25681488353047,0.397632412590846,3.25864360892512
2025-01-21 14:00:00,74.44562371125693,0.4618186887711089,3.3550873730931494
2025-01-21 15:00:00,80.66872661831674,0.3992275052094268,3.4048633172513454
2025-01-21 16:00:00,66.83596257191738,0.514240587063119,3.3020598430295127
2025-01-21 17:00:00,74.31695815440176,0.3819142824035266,3.1910558673052276
2025-01-21 18:00:00,66.04293702137701,0.5515724918518187,3.2815534163163815
2025-01-21 19:00:00,68.52369484786297,0.3671883984128034,3.368070061866602
2025-01-21 20:00:00,82.82031215007055,0.4573000482519999,3.3198335272011916
2025-01-21 21:00:00,80.47892791286144,0.4467864305141644,3.30696675202089
2025-01-21 22:00:00,72.40760383858105,0.6256187960746055,3.353025813959161
2025-01-21 23:00:00,68.49448972680251,0.5183068895252236,3.3307281822356187
2025-01-22 00:00:00,61.18636481980075,0.4494882648951215,3.374699894552756
2025-01-22 01:00:00,73.29353347134783,0.5447479265596274,3.347677650361001
2025-01-22 02:00:00,88.11508807425002,0.31379985692549067,3.3629699345625976
2025-01-22 03:00:00,78.18943637233325,0.5003544292905352,3.3147503678229793
2025-01-22 04:00:00,73.21915558676956,0.6944786444639748,3.347043814487928
2025-01-22 05:00:00,78.34442006652054,0.5182124062832678,3.2812992262791902
2025-01-22 06:00:00,68.21622925604882,0.4915126909389907,3.276710730166001
2025-01-22 07:00:00,74.53640620953485,0.5521745658932488,3.3858019758114137
2025-01-22 08:00:00,76.52241239010372,0.5908942646216014,3.30928782142603
2025-01-22 09:00:00,75.5965237679218,0.29973529375681707,3.339647504525197
2025-01-22 10:00:00,79.98305963747944,0.34002238660581563,3.30120394108309
2025-01-22 11:00:00,77.7542571622113,0.5248265589429967,3.26791996029179
2025-01-22 12:00:00,79.37466312357301,0.43555058556735454,3.296174481505547
2025-01-22 13:00:00,72.59317362388124,0.6246777889797134,3.374206527264504
2025-01-22 14:00:00,80.52611407908978,0.4778237046796166,3.3222358896348814
2025-01-22 15:00:00,84.183723777159,0.3232032894929657,3.205242618236318
2025-01-22 16:00:00,71.19029344278398,0.36386811071112773,3.293047483728408
2025-01-22 17:00:00,71.60456476447024,0.21653044307584238,3.392510124870765
2025-01-22 18:00:00,82.72396672664621,0.4903242952349606,3.281586190180856
2025-01-22 19:00:00,75.09032711357175,0.4796311570106646,3.209885738299719
2025-01-22 20:00:00,83.06815600938184,0.47197895655053335,3.386584288261745
2025-01-22 21:00:00,73.83837249159012,0.6038535643961136,3.3352812529990494
2025-01-22 22:00:00,83.3282809344066,0.6347974610304421,3.288171076124953
2025-01-22 23:00:00,76.7124841390823,0.4846750414525129,3.2797166290568143
2025-01-23 00:00:00,77.34820117367053,0.28951595110961487,3.351769395315916
2025-01-23 01:00:00,83.88264916740857,0.5777823718940024,3.2640181808212816
2025-01-23 02:00:00,74.25220867384022,0.5523293557084975,3.358160612551959
2025-01-23 03:00:00,71.35745258343827,0.5219429776925305,3.330752311702774
2025-01-23 04:00:00,73.8222440249233,0.5940813784906177,3.313411852249444
2025-01-23 05:00:00,78.32873682028277,0.38846357950442095,3.303947003446497
2025-01-23 06:00:00,68.2402737081665,0.6856450015448063,3.2980113244561244
2025-01-23 07:00:00,79.25842558432669,0.410862991364426,3.3480235804261365
2025-01-23 08:00:00,73.37921648498435,0.5699696412000136,3.2583536419099235
2025-01-23 09:00:00,81.8141383787429,0.34318242282611006,3.2120896052797465
2025-01-23 10:00:00,64.10577555257471,0.38347399788810377,3.341616230592049
2025-01-23 11:00:00,72.14625020355824,0.6442182805896095,3.3344156661997992
2025-01-23 12:00:00,67.64874032491058,0.45749641385969564,3.3313633173006774
2025-01-23 13:00:00,71.95193575126332,0.5761850475257659,3.3234344827296383
2025-01-23 14:00:00,77.3234145906298,0.5266312835631437,3.2816495664924927
2025-01-23 15:00:00,75.19095395983831,0.4881750078296188,3.339183181259438
2025-01-23 16:00:00,74.82220124434902,0.6343183504919264,3.2978998924179237
2025-01-23 17:00:00,75.29516673419079,0.475213366513151,3.27534915522505
2025-01-23 18:00:00,77.11003429619281,0.32443517334599803,3.282295400091037
2025-01-23 19:00:00,71.05241488537955,0.41006973608554803,3.404979570053412
2025-01-23 20:00:00,79.63134530159235,0.5626707789833135,3.208619850596136
2025-01-23 21:00:00,79.41242895102651,0.5466646840482633,3.320576976263763
2025-01-23 22:00:00,78.02629078938162,0.3476356720651788,3.2130181878294324
2025-01-23 23:00:00,78.88577031685942,0.4336262042028582,3.2907025627669917
2025-01-24 00:00:00,77.58719510914841,0.4452911708080316,3.275731430633142
2025-01-24 01:00:00,86.28247362076245,0.4843069033400618,3.1844661115452433
2025-01-24 02:00:00,75.67363825384656,0.3620448331574974,3.3187782412678413
2025-01-24 03:00:00,74.57569501943823,0.434603194736888,3.281422401870952
2025-01-24 04:00:00,72.34547521132623,0.42011881740665913,3.197694207660611
2025-01-24 05:00:00,70.95380176222594,0.5673498450106033,3.3460246027764864
2025-01-24 06:00:00,69.89475817911175,0.5689905629672073,3.3768555507203346
2025-01-24 07:00:00,71.67513255296453,0.47705813480700693,3.377831084561864
2025-01-24 08:00:00,75.76771921286077,0.4606203743486078,3.3171801028197128
2025-01-24 09:00:00,77.7945987656117,0.5178705442450942,3.299508308163244
2025-01-24 10:00:00,76.38083541788593,0.4193930756001738,3.3650269956269034
2025-01-24 11:00:00,72.29945073997855,0.37820460877317247,3.3868197285270263
2025-01-24 12:00:00,80.63005194922894,0.4155268985158457,3.351048383194552
2025-01-24 13:00:00,79.82819449263586,0.4444639880980855,3.2480949253958737
2025-01-24 14:00:00,75.33489159602304,0.3826113187227784,3.309732351064723
2025-01-24 15:00:00,72.87055441181157,0.51023598023987,3.32410525280276
2025-01-24 16:00:00,78.87927674128613,0.5790190363709026,3.205639874812852
2025-01-24 17:00:00,77.07900707656965,0.3437370995832746,3.3213890259044687
2025-01-24 18:00:00,68.9005048440659,0.4886027963196946,3.419749086454903
2025-01-24 19:00:00,75.80324186322112,0.47790181970976814,3.331193566426818
2025-01-24 20:00:00,77.45532420551706,0.5373504324746738,3.371215329866571
2025-01-24 21:00:00,71.64867321470838,0.4902923851290174,3.3124970632917266
2025-01-24 22:00:00,77.09836611333637,0.35712571974346907,3.2942407176874724
2025-01-24 23:00:00,68.8770387248622,0.3598040630739673,3.3251865307791864
2025-01-25 00:00:00,82.83408365321401,0.5168994403748848,3.2513745839475643
2025-01-25 01:00:00,82.39490508045232,0.615956817645415,3.244416335557828
2025-01-25 02:00:00,74.89457048564233,0.27665931937694377,3.363420657372826
2025-01-25 03:00:00,77.97643084835452,0.5388144351868265,3.365640686294971
2025-01-25 04:00:00,64.1115513321618,0.5954742187030473,3.2613331328884705
2025-01-25 05:00:00,70.38142486183649,0.4737491776130111,3.3530185153658567
2025-01-25 06:00:00,74.69627056440451,0.5527017062414126,3.2959557306552942
2025-01-25 07:00:00,70.80650206003287,0.4195950115402449,3.3211839266644883
2025-01-25 08:00:00,79.74115158232246,0.4958345987469167,3.3182697803894308
2025-01-25 09:00:00,86.15765382491114,0.35851287132896653,3.338559869581305
2025-01-25 10:00:00,70.29009957602666,0.25443478382012535,3.3088458105171323
2025-01-25 11:00:00,71.9878581547492,0.5865412119419854,3.3735202416103474
2025-01-25 12:00:00,77.35441901872682,0.4044982607749689,3.313116222969269
2025-01-25 13:00:00,84.23475992167728,0.47120565085297095,3.3219744537017992
2025-01-25 14:00:00,70.06930961848167,0.3497833094199035,3.263267560804656
2025-01-25 15:00:00,77.4283637947179,0.36214867279100765,3.4055045867405234
2025-01-25 16:00:00,85.29167943925073,0.5014885043789993,3.3131995667209972
2025-01-25 17:00:00,67.92839144629086,0.4111879789889765,3.342721479820964
2025-01-25 18:00:00,69.78384315496004,0.5256537016193494,3.224806866284463
2025-01-25 19:00:00,74.073158158887,0.5416890737256926,3.2597917406871577
2025-01-25 20:00:00,73.59025112891614,0.5275543824002524,3.3633039332670203
2025-01-25 21:00:00,80.25820163396342,0.5326653978707306,3.3090863542806668
2025-01-25 22:00:00,77.4054957963014,0.6608767275957509,3.201905517462252
2025-01-25 23:00:00,67.32438890098855,0.3761783164074479,3.359590107548202
2025-01-26 00:00:00,78.77825321570525,0.5003519353210782,3.2690326065666584
2025-01-26 01:00:00,73.31550876642495,0.6081889150947682,3.3722503405274105
2025-01-26 02:00:00,82.5774412899114,0.6398977790235859,3.288030774779904
2025-01-26 03:00:00,73.0692695250226,0.35225108962554735,3.312166064776004
2025-01-26 04:00:00,73.02613279369803,0.4631056369317685,3.360921596135884
2025-01-26 05:00:00,78.91686926523387,0.6419347636271533,3.251208482192033
2025-01-26 06:00:00,80.02784562489789,0.5591525172796618,3.245329813983405
2025-01-26 07:00:00,78.45571203489622,0.5247266427277292,3.2867193669451984
2025-01-26 08:00:00,67.78923063029318,0.46209890742708015,3.348569409350768
2025-01-26 09:00:00,78.90939141886047,0.4677276057769058,3.2295467459504645
2025-01-26 10:00:00,71.04968096284924,0.5192101837446904,3.2205485890426955
2025-01-26 11:00:00,77.39960378116454,0.4778507105738402,3.338786442571025
2025-01-26 12:00:00,69.10655304822993,0.4822441595019749,3.27574453132342
2025-01-26 13:00:00,78.45883796494255,0.5130664620513483,3.276929861389043
2025-01-26 14:00:00,72.19623470769237,0.4248742320759943,3.209963245195299
2025-01-26 15:00:00,69.81805797992862,0.5411379688579605,3.2712329763024717
2025-01-26 16:00:00,79.80233391564524,0.7993180481827918,3.2948193012527973
2025-01-26 17:00:00,77.44345784361899,0.3254771672645899,3.3440754350375252
2025-01-26 18:00:00,73.16735323027275,0.5270248743895029,3.2632711384579953
2025-01-26 19:00:00,83.49513348434456,0.439260173616758,3.3743736725272804
2025-01-26 20:00:00,74.03797913339253,0.5541051315286696,3.2667342196576175
2025-01-26 21:00:00,76.40378161309792,0.5057522260689413,3.264441628307643
2025-01-26 22:00:00,77.58981248363826,0.5796540178814823,3.374278065111252
2025-01-26 23:00:00,73.14891757660418,0.6121374083140457,3.3124240900415916
2025-01-27 00:00:00,78.60493071624889,0.5247408887192754,3.2687938328331723
2025-01-27 01:00:00,73.58398951542763,0.6086621233822326,3.2936593539255425
2025-01-27 02:00:00,74.1950616421722,0.2622492494154361,3.3684586172349307
2025-01-27 03:00:00,83.06846845427195,0.6734710822101057,3.365241672527012
2025-01-27 04:00:00,71.05432699469509,0.5279037846885837,3.2631060140417922
2025-01-27 05:00:00,64.1953576046118,0.5844639662937012,3.3086829518914325
2025-01-27 06:00:00,84.31594623632074,0.3949332334984488,3.295191895147058
2025-01-27 07:00:00,89.00990302629829,0.4432317334020225,3.2366780914478714
2025-01-27 08:00:00,74.23891893801861,0.511360582800474,3.2979768284294813
2025-01-27 09:00:00,66.58307706416635,0.47975128070454587,3.3086830659584185
2025-01-27 10:00:00,74.71684938828956,0.5260294730875374,3.357293624558547
2025-01-27 11:00:00,74.84015652206793,0.606420744647092,3.3605310948934917
2025-01-27 12:00:00,75.32365406816199,0.3224141921159985,3.2832158760138874
2025-01-27 13:00:00,70.70833506566603,0.5870874928130224,3.2935940077412935
2025-01-27 14:00:00,79.17508298965967,0.5074672724850715,3.329039532113122
2025-01-27 15:00:00,78.90181615570971,0.48571436170892407,3.2668387613979397
2025-01-27 16:00:00,68.80925318218475,0.3387958984358399,3.3356227544046853
2025-01-27 17:00:00,79.77926694175773,0.5581523162311615,3.2908254086897815
2025-01-27 18:00:00,86.54871019501473,0.2799755507968852,3.239981360918054
2025-01-27 19:00:00,77.14708894947259,0.5674224945327759,3.2500110754065448
2025-01-27 20:00:00,74.60266347894675,0.34828365892055374,3.3727502713226083
2025-01-27 21:00:00,75.58127521925368,0.5047972572102142,3.291597650823581
2025-01-27 22:00:00,79.3695771281361,0.4951111860334396,3.3776481275667796
2025-01-27 23:00:00,67.6419372677592,0.6005266047748662,3.281676249696495
2025-01-28 00:00:00,77.11925081218381,0.48466190023293804,3.3124410092443908
2025-01-28 01:00:00,74.34697955198524,0.42756901849936335,3.4202868565989264
2025-01-28 02:00:00,85.54042636608153,0.4687094986450022,3.2365902364007546
2025-01-28 03:00:00,75.43243963427852,0.6264420716539829,3.2046768353707327
2025-01-28 04:00:00,84.64474336090291,0.5712080991498547,3.354684763203459
2025-01-28 05:00:00,70.78860381839728,0.45130312499443787,3.262870940911949
2025-01-28 06:00:00,79.24560514332327,0.48313548380015464,3.294719076651365
2025-01-28 07:00:00,77.90831263026746,0.34738783171194965,3.267795776847153
2025-01-28 08:00:00,71.9680770739894,0.5310724897430923,3.3164400619737764
2025-01-28 09:00:00,77.20229588850002,0.3267119365174129,3.2502708937522127
2025-01-28 10:00:00,82.37991150147532,0.5882283850964557,3.283623084104359
2025-01-28 11:00:00,74.70036079788632,0.5105517963548587,3.32279040552994
2025-01-28 12:00:00,67.8615080754725,0.7227071116182968,3.2567230476108144
2025-01-28 13:00:00,76.2355091909361,0.3907463785194011,3.263760289326769
2025-01-28 14:00:00,71.81320985136276,0.4816491261086217,3.2858176484687105
2025-01-28 15:00:00,74.6156226340079,0.6773489308702815,3.228943605654678
2025-01-28 16:00:00,75.92139048090372,0.6192706605009084,3.2779505603791588
2025-01-28 17:00:00,67.80307025125374,0.414273850854477,3.313136756743891
2025-01-28 18:00:00,68.25504163672994,0.5071957416207642,3.2867675112838484
2025-01-28 19:00:00,78.74566951296296,0.5059801901773942,3.2826855058404503
2025-01-28 20:00:00,73.72374385648892,0.523931989962353,3.3002811725981815
2025-01-28 21:00:00,63.515617630236505,0.40545210717194946,3.278697209248148
2025-01-28 22:00:00,80.26556152438202,0.49988799828865005,3.3292875667689614
2025-01-28 23:00:00,77.70519211971455,0.34389406222171715,3.3690937141203743
2025-01-29 00:00:00,72.77597122516293,0.5073532031470935,3.2790050091650644
2025-01-29 01:00:00,69.76319629205615,0.5328173754362551,3.329496715281829
2025-01-29 02:00:00,80.52838883092105,0.4866037519074132,3.2824907533973464
2025-01-29 03:00:00,78.09810446415351,0.3429800353797877,3.3151762627877717
2025-01-29 04:00:00,88.26636476677372,0.6236748313286532,3.3650226117933886
2025-01-29 05:00:00,78.45629834898004,0.5416540160071998,3.3219766788019247
2025-01-29 06:00:00,78.29587306366743,0.4322791518671967,3.2080333999958484
2025-01-29 07:00:00,75.52471970881653,0.47127831024378614,3.3221750618635313
2025-01-29 08:00:00,80.44524069736532,0.3591124566265062,3.3561979464680847
2025-01-29 09:00:00,79.48878936960413,0.40472548147137727,3.2844314021304903
2025-01-29 10:00:00,82.62399040819133,0.4597557616906282,3.3421577498977
2025-01-29 11:00:00,73.76075277418094,0.6186525022863364,3.2667334701682216
2025-01-29 12:00:00,74.19233200464956,0.43272324043051097,3.2265307100192366
2025-01-29 13:00:00,73.97585551681146,0.5602619924764582,3.3080825954248203
2025-01-29 14:00:00,80.32738197926831,0.4551120591823381,3.2068487819834157
2025-01-29 15:00:00,83.86724757685903,0.540818166748865,3.279144201778461
2025-01-29 16:00:00,74.08317491163086,0.4823157151188409,3.365258938220644
2025-01-29 17:00:00,74.25551074041391,0.5841055970000616,3.205256343972272
2025-01-29 18:00:00,77.95176750073038,0.45071131668956443,3.2330733927035746
2025-01-29 19:00:00,75.15457588331888,0.3413452422763531,3.248243811858602
2025-01-29 20:00:00,81.14565365108484,0.3723853196757658,3.290688353363367
2025-01-29 21:00:00,65.12850093429215,0.425358167984268,3.2915856597833972
2025-01-29 22:00:00,72.25586415480493,0.367894646751764,3.372700954929999
2025-01-29 23:00:00,72.47930972158416,0.5342687365210829,3.3502381067330007
2025-01-30 00:00:00,64.79161333146267,0.431295325687077,3.334972033971967
2025-01-30 01:00:00,71.57720317355138,0.7289039768597053,3.3107043125436424
2025-01-30 02:00:00,71.82161681816777,0.3181606896325818,3.3228398720310732
2025-01-30 03:00:00,75.39387612680525,0.5194399856345501,3.256507006107526
2025-01-30 04:00:00,81.96623085970272,0.399426074878798,3.3358942868181276
2025-01-30 05:00:00,75.1781001474499,0.4493049817665914,3.24421968713459
2025-01-30 06:00:00,71.25133680404963,0.5049335364521131,3.3455175128910617
2025-01-30 07:00:00,76.12263470133976,0.26799704742521024,3.358184490404602
2025-01-30 08:00:00,81.65527751661615,0.5352820822219945,3.303887952587788
2025-01-30 09:00:00,71.53161733083688,0.6816428963990501,3.2946577297210644
2025-01-30 10:00:00,71.86053899380616,0.4466661636607125,3.323154956421677
2025-01-30 11:00:00,79.20816021178652,0.5326860216140834,3.1527159212831792
2025-01-30 12:00:00,75.30973683876341,0.6014005585000262,3.3148031740855095
2025-01-30 13:00:00,79.65684287296678,0.49120725125319337,3.2896754572350426
2025-01-30 14:00:00,76.35318746244495,0.44289927158170106,3.2961154068847054
2025-01-30 15:00:00,79.93174166387126,0.2805787584655267,3.33039488398102
2025-01-30 16:00:00,71.25003485522222,0.5548880571599013,3.3000115190665413
2025-01-30 17:00:00,76.3670041734861,0.48970608288404194,3.241622652993956
2025-01-30 18:00:00,75.37597935761364,0.39777248908637053,3.2925538871011173
2025-01-30 19:00:00,70.35197681091078,0.5016525401595503,3.3080257973931304
2025-01-30 20:00:00,68.61604369409,0.4271529672175213,3.3121306518849605
2025-01-30 21:00:00,79.86418061180875,0.45517466362202436,3.3032317877524444
2025-01-30 22:00:00,74.68267552634755,0.5582833821735254,3.35228577671958
2025-01-30 23:00:00,71.3280380312028,0.3571067504399806,3.2493702343170896
2025-01-31 00:00:00,75.96054675682478,0.6049415376309849,3.3078244760514175
2025-01-31 01:00:00,82.08353773018996,0.372687374658499,3.357412947200722
2025-01-31 02:00:00,65.04175621858583,0.41210228711160474,3.2232276689345545
2025-01-31 03:00:00,68.96425399793081,0.6785120429124788,3.315018080041072
2025-01-31 04:00:00,71.83501723997311,0.6046944261541478,3.273896057661375
2025-01-31 05:00:00,83.75734578505309,0.5255640063296096,3.2727071349912915
2025-01-31 06:00:00,77.86638836804993,0.4099686706959377,3.2518932364712287
2025-01-31 07:00:00,80.29204165776159,0.4559457681554933,3.286230422557216
2025-01-31 08:00:00,70.7566528618263,0.49712975269218174,3.3963061278595186
2025-01-31 09:00:00,70.86178008310682,0.4937647989101329,3.2409167018580325
2025-01-31 10:00:00,78.70053004507503,0.49660288263751323,3.2378189698309834
2025-01-31 11:00:00,76.7548351181407,0.49871533433782245,3.2331484363736838
2025-01-31 12:00:00,79.2091595597861,0.48526972365902027,3.3821617547716185
2025-01-31 13:00:00,75.52911251282521,0.35514926697160853,3.2763539022111106
2025-01-31 14:00:00,77.86018810174261,0.4523582174973614,3.2958578588808733
2025-01-31 15:00:00,77.26206689599702,0.5942754547006381,3.277598786048691
2025-01-31 16:00:00,80.3623104188981,0.3721801065926439,3.2474165456609474
2025-01-31 17:00:00,80.51051688519783,0.4903543981264273,3.28273195078408
2025-01-31 18:00:00,68.37811750551863,0.40306975764391234,3.4295340627813093
2025-01-31 19:00:00,65.2431367027752,0.489910231855321,3.3793604093459373
2025-01-31 20:00:00,81.49020846973902,0.4724060143427557,3.250862900640647
2025-01-31 21:00:00,82.42210894979317,0.6608724999070127,3.324956596203291
2025-01-31 22:00:00,71.3823703879188,0.5417119717048224,3.2620414909787625
2025-01-31 23:00:00,67.18831045475935,0.35148521984175696,3.2189933076029296
2025-02-01 00:00:00,76.98466359452549,0.5693810438603802,3.348990882288706
2025-02-01 01:00:00,81.14568262324413,0.4331150951302414,3.351858959708933
2025-02-01 02:00:00,85.48146610566506,0.46155221058353624,3.34182114644673
2025-02-01 03:00:00,79.07698335600274,0.5378247842326772,3.2724297541830185
2025-02-01 04:00:00,74.63891401456901,0.448392001566084,3.2920222992853314
2025-02-01 05:00:00,72.03384639157518,0.5816421899254053,3.340454431291331
2025-02-01 06:00:00,76.55875795985477,0.42395542527832947,3.3180160439075506
2025-02-01 07:00:00,75.00717998407723,0.4364086202189776,3.2803109464510705
2025-02-01 08:00:00,71.43016597686143,0.42551215810887144,3.2226162430172303
2025-02-01 09:00:00,86.75128576182395,0.46522761219810344,3.2939424739452767
2025-02-01 10:00:00,85.43535151987017,0.6290787741044811,3.343515130441935
2025-02-01 11:00:00,82.19175492928866,0.575552054729567,3.232928830619003
2025-02-01 12:00:00,71.90926152446788,0.6631018339601022,3.3350287075593306
2025-02-01 13:00:00,80.79061213700192,0.7366345601738887,3.3107864726196827
2025-02-01 14:00:00,79.71564956500703,0.4046485114467395,3.3327917635966093
2025-02-01 15:00:00,78.73224764053978,0.5127953235237679,3.3398665273454102
2025-02-01 16:00:00,82.76984785674041,0.39620857955909694,3.2575068900469915
2025-02-01 17:00:00,79.7003792378299,0.42992908121079254,3.2144516507539227
2025-02-01 18:00:00,80.2255967070472,0.4457318578984869,3.268098427008809
2025-02-01 19:00:00,79.71205894438857,0.4019975459849091,3.3397443069319617
2025-02-01 20:00:00,78.23348656954006,0.39956716135919823,3.269666318254161
2025-02-01 21:00:00,67.61347588296061,0.46908742942385523,3.2726843579241574
2025-02-01 22:00:00,76.95163892058632,0.38052035151249136,3.2069808439831817
2025-02-01 23:00:00,73.7545757412899,0.5800107629063025,3.388877801986257
2025-02-02 00:00:00,70.13833274933742,0.39679022726688284,3.346147349321928
2025-02-02 01:00:00,84.94862263604365,0.7991430577916859,3.3285461764276945
2025-02-02 02:00:00,85.18651824597006,0.4735235069054601,3.3381997510930033
2025-02-02 03:00:00,83.33964654502161,0.522169972791708,3.3204957715321486
2025-02-02 04:00:00,77.82161262982493,0.3743980223230058,3.284961944611198
2025-02-02 05:00:00,83.30067315231084,0.685499437627345,3.283511121641579
2025-02-02 06:00:00,76.60981545255868,0.6134586144953684,3.277011966317835
2025-02-02 07:00:00,77.56553793604046,0.5331115784556517,3.4291714997847094
2025-02-02 08:00:00,71.08619670124364,0.3557810540344901,3.3317094048637284
2025-02-02 09:00:00,78.54051207804976,0.5264366274385209,3.273269465854378
2025-02-02 10:00:00,76.85948719967965,0.3898647853075933,3.321415351508634
2025-02-02 11:00:00,70.04629897538723,0.6346170398080699,3.2544102551317966
2025-02-02 12:00:00,76.30557600247857,0.5818195407002338,3.3739197599269826
2025-02-02 13:00:00,76.16491574427953,0.5101626508472921,3.265781629465363
2025-02-02 14:00:00,85.55337139878877,0.2757580919828047,3.3145009002323342
2025-02-02 15:00:00,81.03863421013462,0.4120245860643256,3.3472602472770223
2025-02-02 16:00:00,76.6267967650269,0.5703186222000005,3.3176116304452226
2025-02-02 17:00:00,77.81550812057698,0.6252083009234289,3.3019079914704044
2025-02-02 18:00:00,76.79463546409455,0.6127951675873616,3.298745468778706
2025-02-02 19:00:00,75.56100565159782,0.34020962658900955,3.2966169395040468
2025-02-02 20:00:00,71.16544159063614,0.5207750293725222,3.2749996339629885
2025-02-02 21:00:00,75.82432019154493,0.6014890775413423,3.2767015083199698
2025-02-02 22:00:00,72.85109029831902,0.32815753954837296,3.3761284283842277
2025-02-02 23:00:00,70.33200588896786,0.48816247575057153,3.299241162476774
2025-02-03 00:00:00,79.14169465832326,0.5339565446574516,3.2565684918725375
2025-02-03 01:00:00,78.54391088725377,0.47530027879979353,3.270641209269671
2025-02-03 02:00:00,67.6560520327492,0.2983848340353377,3.362362482002112
2025-02-03 03:00:00,75.97816840411596,0.4676754413108185,3.332802163254108
2025-02-03 04:00:00,81.57210052309321,0.4787025735306435,3.3214443583885194
2025-02-03 05:00:00,81.8917142900772,0.49726510363533843,3.2802322257644327
2025-02-03 06:00:00,81.72678181202379,0.4553953365915001,3.3219413416966237
2025-02-03 07:00:00,76.7941656341069,0.45757603145402653,3.2660277781183606
2025-02-03 08:00:00,72.37637496175584,0.4890710371987733,3.289642923470955
2025-02-03 09:00:00,71.1851094668133,0.5349045949405572,3.3523051149027734
2025-02-03 10:00:00,78.32863012935739,0.4745034994830075,3.3403852538165957
2025-02-03 11:00:00,78.50400777943342,0.46433203823202607,3.2474004999230264
2025-02-03 12:00:00,83.04626516763493,0.5236168496706751,3.249177412186936
2025-02-03 13:00:00,82.11150986332203,0.3204203426470853,3.2983235977773484
2025-02-03 14:00:00,75.95247033095775,0.5478973688945208,3.385354148402518
2025-02-03 15:00:00,70.39458622131126,0.4890217782402861,3.208827155555239
2025-02-03 16:00:00,75.02208463256312,0.5023024374348418,3.3138945623459617
2025-02-03 17:00:00,77.70577559367224,0.5997738974567504,3.2284920578276703
2025-02-03 18:00:00,75.61120539467461,0.30422977329448386,3.267672244929048
2025-02-03 19:00:00,73.73415308323536,0.2983738346905338,3.2830444260135527
2025-02-03 20:00:00,77.89004970047513,0.5314493994432616,3.27608453312768
2025-02-03 21:00:00,74.10783892057458,0.4957929078382571,3.274202364096465
2025-02-03 22:00:00,73.48929921100276,0.5122852082511582,3.3018710538078153
2025-02-03 23:00:00,78.18889580314884,0.45845399959901256,3.2700483258653223
2025-02-04 00:00:00,74.6236707329876,0.5639716243999278,3.2272534600243046
2025-02-04 01:00:00,77.8561575805274,0.5972651149701262,3.3361373230456115
2025-02-04 02:00:00,78.00365775189825,0.5526944604089087,3.3346399506055455
2025-02-04 03:00:00,70.94249463418177,0.4640910589378647,3.3462162208669515
2025-02-04 04:00:00,74.23543602231457,0.2859908487931483,3.223727839164481
2025-02-04 05:00:00,83.83252834322596,0.5928775930001242,3.306113379285981
2025-02-04 06:00:00,70.83524808197421,0.6121322782956672,3.337963694708372
2025-02-04 07:00:00,66.064375402795,0.5448735075139474,3.2573755211752258
2025-02-04 08:00:00,67.34042388343708,0.395005520540083,3.308118238525669
2025-02-04 09:00:00,76.797201384535,0.5692627576458053,3.2923894663499462
2025-02-04 10:00:00,76.80824004381715,0.5879583663937383,3.390299292884596
2025-02-04 11:00:00,76.06760137853004,0.656305743046928,3.3951572004720987
2025-02-04 12:00:00,82.72860680230016,0.42613513669176406,3.2090535735311896
2025-02-04 13:00:00,63.29548749414497,0.45223443204383557,3.4364008627922544
2025-02-04 14:00:00,78.64133103381579,0.5802987826919366,3.2505973829085177
2025-02-04 15:00:00,84.47085467268154,0.5229716319991383,3.33956281004369
2025-02-04 16:00:00,71.0267618412071,0.3786096789872461,3.3524981372019793
2025-02-04 17:00:00,74.7686351087182,0.5392878142300662,3.2504468535491915
2025-02-04 18:00:00,72.90521008352657,0.5519654990585292,3.3267581796084285
2025-02-04 19:00:00,72.19994144128403,0.5014850880256277,3.2974233713454124
2025-02-04 20:00:00,75.04236364855848,0.5203321355250708,3.327674136583061
2025-02-04 21:00:00,83.8131020940982,0.49004452952958283,3.302720513024933
2025-02-04 22:00:00,85.86461105511528,0.667846031191796,3.348952363213397
2025-02-04 23:00:00,74.99998355447894,0.4082196642476497,3.303769993602824
2025-02-05 00:00:00,86.20698275200404,0.46197080473758967,3.2803993137766803
2025-02-05 01:00:00,76.8615660686068,0.5031105989999257,3.352941645584252
2025-02-05 02:00:00,85.45414081919108,0.6070925999184309,3.318565657423739
2025-02-05 03:00:00,76.22119443942023,0.35099398737934623,3.335369475276624
2025-02-05 04:00:00,77.34497881992041,0.37194919817325633,3.2644256875671496
2025-02-05 05:00:00,78.51906405490585,0.30155419284629936,3.2442177968751706
2025-02-05 06:00:00,92.58796209053136,0.5367343622163493,3.2540259307468333
2025-02-05 07:00:00,80.95212356991964,0.39836258092914434,3.2630068071460507
2025-02-05 08:00:00,73.16137504794037,0.45615665460404853,3.3411485883847054
2025-02-05 09:00:00,81.54468905107898,0.5775161126012882,3.3422545134636232
2025-02-05 10:00:00,74.89253901628,0.4339197214642348,3.2923509465070997
2025-02-05 11:00:00,74.25495278919766,0.5199270233626913,3.3722909981520197
2025-02-05 12:00:00,81.24871250516627,0.48085254974511976,3.36217475718309
2025-02-05 13:00:00,76.86313564656348,0.5692266183127301,3.310306810173463
2025-02-05 14:00:00,78.10258928226874,0.5520069008092978,3.255802822140579
2025-02-05 15:00:00,76.78163782103817,0.4326588215345748,3.376987194650739
2025-02-05 16:00:00,78.3966293467409,0.488216998863396,3.2935525031018384
2025-02-05 17:00:00,78.84054520289646,0.6103443456878018,3.3024677146186523
2025-02-05 18:00:00,67.03288305419065,0.5216923686437505,3.290986865665481
2025-02-05 19:00:00,80.05258306276738,0.36869787586038105,3.2504579006223726
2025-02-05 20:00:00,71.81162462257022,0.5574739708722382,3.229756403861665
2025-02-05 21:00:00,69.51222804592666,0.3788523093581889,3.3371311881319374
2025-02-05 22:00:00,76.43366950643231,0.6424075615189246,3.2593962777987366
2025-02-05 23:00:00,77.1476327443,0.6049940649826618,3.450828928705541
2025-02-06 00:00:00,73.26219890686832,0.5238018609155362,3.2474341219625074
2025-02-06 01:00:00,80.8868910200716,0.525785981893722,3.2312439852308596
2025-02-06 02:00:00,70.02285790187919,0.46743140571097586,3.3304840778787925
2025-02-06 03:00:00,74.70101699187293,0.5655433446337081,3.376764656956492
2025-02-06 04:00:00,73.81336706307273,0.45883783268989875,3.3044161157840883
2025-02-06 05:00:00,76.50680338804304,0.5248595093500349,3.3271053176213203
2025-02-06 06:00:00,78.13606316497794,0.5917544784918605,3.2046865659620867
2025-02-06 07:00:00,71.70427899562603,0.43551681914865253,3.2694201437197856
2025-02-06 08:00:00,80.36715913302689,0.44740395977694375,3.2409520544100947
2025-02-06 09:00:00,77.06275958942125,0.382977886616356,3.2031849479131846
2025-02-06 10:00:00,67.2900184831902,0.3764216778637226,3.313558993218004
2025-02-06 11:00:00,66.9587945497666,0.2993669734653424,3.1958998243697114
2025-02-06 12:00:00,76.6921572891072,0.5746561089897269,3.23219804440652
2025-02-06 13:00:00,75.65091916682398,0.6804822080518845,3.2724893911325053
2025-02-06 14:00:00,76.24065718988459,0.6433031242367592,3.2571950510125616
2025-02-06 15:00:00,76.61984747710866,0.33892016160152516,3.3182005776332444
2025-02-06 16:00:00,77.88956095931266,0.5765535045842047,3.312389448635811
2025-02-06 17:00:00,81.50201181300527,0.6535035741283256,3.3381879254837674
2025-02-06 18:00:00,71.21024126117797,0.445028399958449,3.3414089453744555
2025-02-06 19:00:00,70.90790980326379,0.5002494781814919,3.361132729664805
2025-02-06 20:00:00,71.30315048033286,0.2901059113901581,3.3036009295192144
2025-02-06 21:00:00,78.2163551076153,0.5313952425228542,3.311956989933218
2025-02-06 22:00:00,82.998510667006,0.4079299639004997,3.317577174428953
2025-02-06 23:00:00,74.61907858457822,0.5174905744702674,3.3074637562849727
2025-02-07 00:00:00,64.2692785569795,0.3207071804050304,3.290871005947167
2025-02-07 01:00:00,68.2598154667279,0.5390943688911748,3.2901180578162834
2025-02-07 02:00:00,72.61659816780173,0.5959733793882319,3.2615054819157
2025-02-07 03:00:00,73.99513934630771,0.41796120803105813,3.3220857021491836
2025-02-07 04:00:00,74.74384264951216,0.38408434266794034,3.29555539864623
2025-02-07 05:00:00,76.98069340269238,0.28664799806034613,3.264860619065469
2025-02-07 06:00:00,75.23105813567756,0.47210967837379686,3.2666567008980927
2025-02-07 07:00:00,82.03848984450883,0.4542065017708166,3.232441573766352
2025-02-07 08:00:00,73.41370726538695,0.3400143888059279,3.350528359796473
2025-02-07 09:00:00,72.48420599841808,0.5385592031380128,3.306446677478171
2025-02-07 10:00:00,79.1921754904001,0.4616762283042947,3.252667823530936
2025-02-07 11:00:00,69.1215894501692,0.37895849854577457,3.3463057980299316
2025-02-07 12:00:00,78.75026032840181,0.45033219560271837,3.2682272991818797
2025-02-07 13:00:00,77.31656972243513,0.6100525088477913,3.227358398926953
2025-02-07 14:00:00,76.06859335621496,0.5607197965979116,3.3499925211047414
2025-02-07 15:00:00,84.74918834355411,0.5047846860472187,3.26339596217814
2025-02-07 16:00:00,73.69877258333622,0.5575969625231172,3.2808562729062243
2025-02-07 17:00:00,87.1133026644322,0.4064243252001499,3.289945698353027
2025-02-07 18:00:00,75.68665656767331,0.5028992387180091,3.356442804571832
2025-02-07 19:00:00,70.43073359096466,0.5038826157405358,3.3055711309523508
2025-02-07 20:00:00,77.16741572279194,0.45564009610567063,3.2378767279699465
2025-02-07 21:00:00,71.43859381822597,0.5347119367421532,3.330755256387383
2025-02-07 22:00:00,73.06304258275432,0.416371655211023,3.277687471204159
2025-02-07 23:00:00,78.80899032390128,0.5568889669353738,3.3905872082525716
2025-02-08 00:00:00,79.60373626907645,0.5626822652012415,3.295340277631029
2025-02-08 01:00:00,73.71698932655654,0.20400690609336591,3.1895312357785097
2025-02-08 02:00:00,81.76685555506184,0.6308531969710949,3.3111013930527218
2025-02-08 03:00:00,82.6193706219375,0.20876440021855905,3.3896105189910735
2025-02-08 04:00:00,84.01534261665029,0.45471469818764754,3.369780671810619
2025-02-08 05:00:00,79.48290287146445,0.6097895246786639,3.3870648115663635
2025-02-08 06:00:00,83.65498139826633,0.483870205781248,3.2403570093326604
2025-02-08 07:00:00,67.43584769996956,0.33654201266294437,3.353171772098869
2025-02-08 08:00:00,75.25230909869953,0.38941982753569143,3.2636479639144644
2025-02-08 09:00:00,72.50881756222671,0.5959971252664749,3.3137056524086193
2025-02-08 10:00:00,77.44197515148281,0.31102241275806125,3.2339104034115302
2025-02-08 11:00:00,73.99060175186416,0.6091692291098895,3.2687866100039997
2025-02-08 12:00:00,76.01906064010119,0.49481682688593287,3.2651686044917176
2025-02-08 13:00:00,86.2627262528721,0.4015748349714603,3.3336650377542587
2025-02-08 14:00:00,76.00525487175196,0.44198791802319426,3.3390307012117306
2025-02-08 15:00:00,78.92481744180692,0.4044161162834092,3.309916169024734
2025-02-08 16:00:00,75.69651120823667,0.5863044580122857,3.231782417888994
2025-02-08 17:00:00,77.23842629964403,0.5760085490855313,3.2821796020028695
2025-02-08 18:00:00,76.89194526404222,0.33015669265043923,3.2608022305888213
2025-02-08 19:00:00,79.10548419372967,0.46614067204548537,3.339378303640995
2025-02-08 20:00:00,82.69240354360176,0.4273551563627353,3.3512168390972574
2025-02-08 21:00:00,85.10483785588453,0.6478495880676655,3.3427144414456595
2025-02-08 22:00:00,78.41797027941571,0.37011494425614877,3.2588210587497333
2025-02-08 23:00:00,79.81960630204989,0.6683510385825606,3.158203737583476
2025-02-09 00:00:00,71.11955132794604,0.48719854421415776,3.215532353765551
2025-02-09 01:00:00,76.43649216379778,0.3849684591995462,3.3696448567403126
2025-02-09 02:00:00,81.57932520229582,0.4437201475136233,3.273357927831713
2025-02-09 03:00:00,81.20972307196564,0.43054647757704567,3.256254046014779
2025-02-09 04:00:00,77.93993054585714,0.37670693640012315,3.379193084125954
2025-02-09 05:00:00,81.31585368172364,0.5204033088464444,3.3569421435926925
2025-02-09 06:00:00,79.33971943085498,0.3841767993024851,3.296882716665134
2025-02-09 07:00:00,82.88941917918449,0.29603113299450956,3.2774404262676167
2025-02-09 08:00:00,78.33668567467544,0.466994639774493,3.290058253684668
2025-02-09 09:00:00,75.11340031403671,0.31823009649624456,3.3112447396053364
2025-02-09 10:00:00,78.573100178559,0.43021902906032544,3.376429263887421
2025-02-09 11:00:00,62.24292401663202,0.3818644746828879,3.3338804471952295
2025-02-09 12:00:00,78.81232657982314,0.4187919614670243,3.332489125072134
2025-02-09 13:00:00,58.65783577382598,0.6657008972166268,3.374805669679682
2025-02-09 14:00:00,68.28458486487482,0.49049924195666617,3.248231615083904
2025-02-09 15:00:00,79.16274690860882,0.5311515102267103,3.333580347715093
2025-02-09 16:00:00,79.29355259223989,0.32923619106020974,3.280978009674679
2025-02-09 17:00:00,71.09576400720826,0.4250841301606838,3.1780994762041535
2025-02-09 18:00:00,73.34939970051522,0.5165179779051411,3.195242123200194
2025-02-09 19:00:00,83.76461685498258,0.41336525792862394,3.2403295025690833
2025-02-09 20:00:00,74.49376325605054,0.588082726373859,3.3270673981735785
2025-02-09 21:00:00,88.13051747793084,0.4042802918757181,3.2925594607890836
2025-02-09 22:00:00,76.90831865203619,0.4734689392275142,3.307310016706747
2025-02-09 23:00:00,78.96010080432626,0.4476039531210561,3.393587073330008
2025-02-10 00:00:00,85.00629391441495,0.5347335692769809,3.2265392253425946
2025-02-10 01:00:00,77.57905950489102,0.4393980273341989,3.2960492727859223
2025-02-10 02:00:00,71.91420602247192,0.46502796484780956,3.3183075701182188
2025-02-10 03:00:00,76.37929066945648,0.4774344876710738,3.2618070535036265
2025-02-10 04:00:00,76.75187624897947,0.4283538922687883,3.2996644610051673
2025-02-10 05:00:00,70.1082236709241,0.537014749701519,3.2248943096248586
2025-02-10 06:00:00,75.65477357722982,0.5234373001481616,3.3698405372865214
2025-02-10 07:00:00,73.22497546594875,0.4858774719165402,3.2676942969075293
2025-02-10 08:00:00,81.5597267238751,0.4683625356115138,3.39501028151505
2025-02-10 09:00:00,77.11299931086623,0.5821693171836916,3.2962632844932607
2025-02-10 10:00:00,75.5279631962041,0.4757614175209495,3.350874715073755
2025-02-10 11:00:00,76.41303429083106,0.47044525530902787,3.295921822259611
2025-02-10 12:00:00,78.06155603797679,0.5148810305747256,3.2954012523489964
2025-02-10 13:00:00,80.03201894639685,0.6780116216998382,3.2657665143925025
2025-02-10 14:00:00,71.95138880660305,0.3581560723210452,3.3090048076617107
2025-02-10 15:00:00,71.74401378884559,0.5687626323931861,3.3191559209318564
2025-02-10 16:00:00,82.4773500309666,0.32392649944808216,3.253309724523274
2025-02-10 17:00:00,74.8942715949323,0.5198047745226865,3.2938535076120736
2025-02-10 18:00:00,69.87374749497359,0.6455446932607797,3.2746213092021708
2025-02-10 19:00:00,79.17902350687548,0.5555138149704412,3.4108041799738666
2025-02-10 20:00:00,79.2788109921254,0.5239090453481896,3.2912346505122936
2025-02-10 21:00:00,69.31038767768042,0.4308647439850128,3.3829512199071474
2025-02-10 22:00:00,78.113374543284,0.5076203846453828,3.2871055089163317
2025-02-10 23:00:00,80.64588343010983,0.4843744008298435,3.3073184986466355
2025-02-11 00:00:00,78.84190222850128,0.4273750591738265,3.230089894189235
2025-02-11 01:00:00,80.13187939077895,0.47956511274403035,3.2725144910158277
2025-02-11 02:00:00,69.95262848352023,0.5080322885396439,3.315574105055942
2025-02-11 03:00:00,78.63117675095695,0.42882956215880935,3.3756690147970363
2025-02-11 04:00:00,75.46487918062574,0.41859049180274255,3.3106342597031877
2025-02-11 05:00:00,74.56602918635676,0.3613966301234555,3.369619988873293
2025-02-11 06:00:00,81.33476002908063,0.5500309381770103,3.325701695481065
2025-02-11 07:00:00,84.38035653735514,0.5715819547813757,3.3719897104358787
2025-02-11 08:00:00,85.95783625898778,0.5433706324515868,3.2860900528757595
2025-02-11 09:00:00,83.56202734551752,0.6119300194738612,3.4109491081870726
2025-02-11 10:00:00,76.44131908183907,0.5099583173817104,3.274288870772455
2025-02-11 11:00:00,78.7555928071237,0.5450011948607825,3.2579213154829927
2025-02-11 12:00:00,80.82810835291521,0.5403288747795462,3.2336692491626327
2025-02-11 13:00:00,77.60188574249331,0.4943386850531253,3.41394934783541
2025-02-11 14:00:00,77.65181893755572,0.45051037057210613,3.338320559693339
2025-02-11 15:00:00,81.11876565938091,0.7319417084079124,3.2771751976716033
